<?xml version="1.0" encoding="utf-8" ?> 
<swatches>
	<swatch id="GeneralRgb">
		<colors>
			<color red="255" green="255" blue="255">White</color>
			<color red="230" green="230" blue="230">10% Gray</color>
			<color red="218" green="218" blue="218">15% Gray</color>
			<color red="205" green="205" blue="205">20% Gray</color>
			<color red="193" green="193" blue="193">25% Gray</color>
			<color red="180" green="180" blue="180">30% Gray</color>
			<color red="167" green="167" blue="167">35% Gray</color>
			<color red="154" green="154" blue="154">40% Gray</color>
			<color red="142" green="142" blue="142">45% Gray</color>
			<color red="129" green="129" blue="129">50% Gray</color>
			<color red="115" green="115" blue="115">55% Gray</color>
			<color red="102" green="102" blue="102">60% Gray</color>
			<color red="89" green="89" blue="89">65% Gray</color>
			<color red="75" green="75" blue="75">70% Gray</color>
			<color red="61" green="61" blue="61">75% Gray</color>
			<color red="48" green="48" blue="48">80% Gray</color>
			<color red="33" green="33" blue="33">85% Gray</color>
			<color red="19" green="19" blue="19">90% Gray</color>
			<color red="5" green="5" blue="5">95% Gray</color>
			<color red="0" green="0" blue="0">Black</color>
			<color red="255" green="0" blue="0">RGB Red</color>
			<color red="246" green="150" blue="121">Pastel Red</color>
			<color red="242" green="108" blue="79">Light Red</color>
			<color red="237" green="28" blue="36">Pure Red</color>
			<color red="158" green="11" blue="14">Dark Red</color>
			<color red="121" green="0" blue="0">Darker Red</color>
			<color red="123" green="46" blue="0">Darker Red Orange</color>
			<color red="160" green="65" blue="13">Dark Red Orange</color>
			<color red="242" green="101" blue="34">Pure Red Orange</color>
			<color red="246" green="142" blue="86">Light Red Orange</color>
			<color red="249" green="173" blue="129">Pastel Red Orange</color>
			<color red="125" green="73" blue="0">Darker Yellow Orange</color>
			<color red="163" green="98" blue="9">Dark Yellow Orange</color>
			<color red="247" green="148" blue="29">Pure Yellow Orange</color>
			<color red="251" green="175" blue="93">Light Yellow Orange</color>
			<color red="253" green="198" blue="137">Pastel Yellow Orange</color>
			<color red="255" green="247" blue="153">Pastel Yellow</color>
			<color red="255" green="245" blue="104">Light Yellow</color>
			<color red="255" green="242" blue="0">Pure Yellow</color>
			<color red="255" green="255" blue="0">RGB Yellow</color>
			<color red="171" green="160" blue="0">Dark Yellow</color>
			<color red="130" green="123" blue="0">Darker Yellow</color>
			<color red="64" green="102" blue="24">Darker Pea Green </color>
			<color red="89" green="133" blue="39">Dark Pea Green</color>
			<color red="141" green="198" blue="63">Pure Pea Green</color>
			<color red="172" green="211" blue="115">Light Pea Green</color>
			<color red="196" green="223" blue="155">Pastel Pea Green</color>
			<color red="0" green="94" blue="32">Pastel Yellow Green</color>
			<color red="25" green="123" blue="48">Light Yellow Green</color>
			<color red="57" green="181" blue="74">Pure Yellow Green</color>
			<color red="124" green="197" blue="118">Dark Yellow Green</color>
			<color red="163" green="211" blue="156">Darker Yellow Green</color>
			<color red="0" green="88" blue="38">Darker Green</color>
			<color red="0" green="114" blue="54">Dark Green</color>
			<color red="0" green="166" blue="81">Pure Green</color>
			<color red="0" green="255" blue="0">RGB Green</color>
			<color red="60" green="184" blue="120">Light Green</color>
			<color red="130" green="202" blue="156">Pastel Green</color>
			<color red="122" green="204" blue="200">Pastel Green Cyan</color>
			<color red="28" green="187" blue="180">Light Green Cyan</color>
			<color red="0" green="169" blue="157">Pure Green Cyan</color>
			<color red="0" green="116" blue="107">Dark Green Cyan</color>
			<color red="0" green="89" blue="82">Darker Green Cyan</color>
			<color red="0" green="91" blue="127">Darker Cyan</color>
			<color red="0" green="118" blue="163">Dark Cyan</color>
			<color red="0" green="174" blue="239">Pure Cyan</color>
			<color red="0" green="191" blue="243">Light Cyan</color>
			<color red="109" green="207" blue="246">Pastel Cyan</color>
			<color red="0" green="255" blue="255">RGB Cyan</color>
			<color red="125" green="167" blue="217">Pastel Cyan Blue</color>
			<color red="68" green="140" blue="203">Light Cyan Blue</color>
			<color red="0" green="114" blue="188">Pure Cyan Blue</color>
			<color red="0" green="74" blue="128">Dark Cyan Blue</color>
			<color red="0" green="54" blue="99">Darker Cyan Blue</color>
			<color red="0" green="33" blue="87">Darker Blue</color>
			<color red="0" green="52" blue="113">Dark Blue</color>
			<color red="0" green="84" blue="166">Pure Blue</color>
			<color red="0" green="0" blue="255">RGB Blue</color>
			<color red="86" green="116" blue="185">Light Blue</color>
			<color red="135" green="129" blue="189">Pastel Blue</color>
			<color red="161" green="134" blue="190">Pastel Blue Violet</color>
			<color red="96" green="92" blue="168">Light Blue Violet</color>
			<color red="46" green="49" blue="146">Pure Blue Violet</color>
			<color red="27" green="20" blue="100">Dark Blue Violet</color>
			<color red="13" green="0" blue="76">Darker Blue Violet</color>
			<color red="50" green="0" blue="75">Darker Violet</color>
			<color red="68" green="14" blue="98">Dark Violet</color>
			<color red="102" green="45" blue="145">Pure Violet</color>
			<color red="133" green="96" blue="168">Light Violet</color>
			<color red="161" green="134" blue="190">Pastel Violet</color>
			<color red="189" green="140" blue="191">Pastel Violet Magenta</color>
			<color red="168" green="100" blue="168">Light Violet Magenta</color>
			<color red="146" green="39" blue="143">Pure Violet Magenta</color>
			<color red="99" green="4" blue="96">Dark Violet Magenta</color>
			<color red="75" green="0" blue="73">Darker Violet Magenta</color>
			<color red="123" green="0" blue="70">Darker Magenta</color>
			<color red="158" green="0" blue="93">Dark Magenta</color>
			<color red="236" green="0" blue="140">Pure Magenta</color>
			<color red="240" green="110" blue="170">Light Magenta</color>
			<color red="244" green="154" blue="193">Pastel Magenta</color>
			<color red="255" green="0" blue="255">RGB Magenta</color>
			<color red="245" green="152" blue="157">Pastel Magenta Red</color>
			<color red="242" green="109" blue="125">Light Magenta Red</color>
			<color red="237" green="20" blue="91">Pure Magenta Red</color>
			<color red="158" green="0" blue="57">Dark Magenta Red</color>
			<color red="122" green="0" blue="38">Darker Magenta Red</color>
			<color red="199" green="178" blue="153">Pale Cool Brown</color>
			<color red="153" green="134" blue="117">Light Cool Brown</color>
			<color red="115" green="99" blue="87">Medium Cool Brown</color>
			<color red="83" green="71" blue="65">Dark Cool Brown</color>
			<color red="54" green="47" blue="45">Darker Cool Brown</color>
			<color red="198" green="156" blue="109">Pale Warm Brown</color>
			<color red="166" green="124" blue="82">Light Warm Brown</color>
			<color red="140" green="98" blue="57">Medium Warm Brown</color>
			<color red="117" green="76" blue="36">Dark Warm Brown</color>
			<color red="96" green="57" blue="19">Darker Warm Brown</color>
		</colors>
	</swatch>
</swatches>